{
  "x_min_range": [
    0.0,
    0.010526315789473684,
    0.021052631578947368,
    0.031578947368421054,
    0.042105263157894736,
    0.05263157894736842,
    0.06315789473684211,
    0.07368421052631578,
    0.08421052631578947,
    0.09473684210526316,
    0.10526315789473684,
    0.11578947368421053,
    0.12631578947368421,
    0.1368421052631579,
    0.14736842105263157,
    0.15789473684210525,
    0.16842105263157894,
    0.17894736842105263,
    0.18947368421052632,
    0.2
  ],
  "x_max_range": [
    0.0,
    0.010526315789473684,
    0.021052631578947368,
    0.031578947368421054,
    0.042105263157894736,
    0.05263157894736842,
    0.06315789473684211,
    0.07368421052631578,
    0.08421052631578947,
    0.09473684210526316,
    0.10526315789473684,
    0.11578947368421053,
    0.12631578947368421,
    0.1368421052631579,
    0.14736842105263157,
    0.15789473684210525,
    0.16842105263157894,
    0.17894736842105263,
    0.18947368421052632,
    0.2
  ],
  "loss_values": [
    [
      NaN,
      264.6824131955342,
      147.6876364753328,
      46.994453417529165,
      57.61830319203341,
      48.562253017058595,
      57.63115171664081,
      41.27737506047403,
      67.7286710688127,
      17.852784023215985,
      35.171281407010895,
      32.998545800341994,
      24.743249585861303,
      29.966062302739488,
      46.633539880818084,
      25.507929533735616,
      9.608908021655939,
      14.669080129662257,
      7.951644015865112,
      20.526340883640145
    ],
    [
      NaN,
      NaN,
      131.59374196406387,
      60.81699270669977,
      54.02664905997771,
      54.243402970384196,
      47.809697275571494,
      44.90468030709009,
      38.04391953108795,
      26.98344234889862,
      41.41651000144967,
      40.02876363567184,
      17.200247239472255,
      32.26957877659491,
      12.824614416281582,
      12.24985153263469,
      27.168475685577413,
      7.898666678176495,
      14.785062568320532,
      22.0943599117589
    ],
    [
      NaN,
      NaN,
      NaN,
      67.53978139860301,
      50.86656064993902,
      43.21782291915439,
      48.13458781999689,
      44.769849318403985,
      52.83388757102356,
      40.916686291451036,
      47.02192144895101,
      21.835230566599048,
      21.63735684157599,
      29.232453047674518,
      16.765197305000704,
      31.89788854849609,
      5.490750314976274,
      29.827781843204015,
      14.652649695336326,
      14.526044632405387
    ],
    [
      NaN,
      NaN,
      NaN,
      NaN,
      62.331736641101614,
      45.686104043092705,
      45.84844075795418,
      41.16681377929824,
      23.898951035044124,
      28.046821386641295,
      43.74839545637559,
      43.20814916634343,
      35.55005145466901,
      24.45145333065312,
      29.294117926695225,
      12.925385839795542,
      13.692679183560813,
      6.910803535853179,
      16.460385695936534,
      19.92230068515606
    ],
    [
      NaN,
      NaN,
      NaN,
      NaN,
      NaN,
      59.329120977451545,
      57.59836074208687,
      49.77238058407549,
      30.05090310948508,
      47.66704699954325,
      26.00906151889411,
      45.839852632691766,
      27.951055985238646,
      26.648414009430923,
      9.729875541860448,
      25.36567136096125,
      20.947338851161142,
      24.73691577252412,
      9.248232335495778,
      12.63708497309728
    ],
    [
      NaN,
      NaN,
      NaN,
      NaN,
      NaN,
      NaN,
      58.004735723167,
      52.91092743358611,
      67.13737554189109,
      71.37066148552941,
      36.38104295219352,
      24.66784890674653,
      33.715426355106466,
      15.526674956506872,
      16.564424871123364,
      21.697686195096335,
      10.95652826537652,
      16.400412700897636,
      4.184726464219079,
      8.888748228812405
    ],
    [
      NaN,
      NaN,
      NaN,
      NaN,
      NaN,
      NaN,
      NaN,
      31.51788818720547,
      37.696784451500875,
      31.8128265659147,
      25.270769812332706,
      34.15346623426597,
      15.182162155660398,
      15.897150920947658,
      25.86468241109473,
      25.606592308653337,
      17.42633655314243,
      10.462390063946419,
      12.559972083109214,
      19.026871394380954
    ],
    [
      NaN,
      NaN,
      NaN,
      NaN,
      NaN,
      NaN,
      NaN,
      NaN,
      44.41957237034165,
      27.14166718338086,
      38.81040413591344,
      24.84034190132169,
      23.320767641682686,
      26.402098765625606,
      16.342639252459687,
      23.71318597516533,
      18.708748329761168,
      19.089671869607145,
      9.424700611398462,
      9.054011695999534
    ],
    [
      NaN,
      NaN,
      NaN,
      NaN,
      NaN,
      NaN,
      NaN,
      NaN,
      NaN,
      32.201056370168644,
      30.126604542937464,
      33.8484552234444,
      30.81065786298036,
      19.885322766442048,
      18.260950405766863,
      23.771663273511255,
      12.575557225967971,
      11.60423086210869,
      17.800729414217656,
      18.79573377402933
    ],
    [
      NaN,
      NaN,
      NaN,
      NaN,
      NaN,
      NaN,
      NaN,
      NaN,
      NaN,
      NaN,
      27.22143962933577,
      49.7269882963894,
      41.621940476929794,
      21.82896612908808,
      21.283732537715885,
      12.78830739310715,
      19.436843928616582,
      15.485397157572251,
      5.494947885568126,
      5.140021641273192
    ],
    [
      NaN,
      NaN,
      NaN,
      NaN,
      NaN,
      NaN,
      NaN,
      NaN,
      NaN,
      NaN,
      NaN,
      23.28143268113054,
      30.36079076599456,
      24.648965536532977,
      26.58705684105709,
      16.431875884779842,
      7.11583562282362,
      15.296548063481652,
      12.294765056555287,
      17.696690321433415
    ],
    [
      NaN,
      NaN,
      NaN,
      NaN,
      NaN,
      NaN,
      NaN,
      NaN,
      NaN,
      NaN,
      NaN,
      NaN,
      33.68990566946616,
      26.967233132055092,
      25.03295460257226,
      14.762074444224748,
      12.142285022267062,
      14.48960920138632,
      12.092649650572039,
      17.40237464882567
    ],
    [
      NaN,
      NaN,
      NaN,
      NaN,
      NaN,
      NaN,
      NaN,
      NaN,
      NaN,
      NaN,
      NaN,
      NaN,
      NaN,
      21.233627341021524,
      14.928173999273985,
      23.365808812495565,
      25.36044344228903,
      18.302179957536296,
      19.080741568860784,
      20.941140556857516
    ],
    [
      NaN,
      NaN,
      NaN,
      NaN,
      NaN,
      NaN,
      NaN,
      NaN,
      NaN,
      NaN,
      NaN,
      NaN,
      NaN,
      NaN,
      26.93173816744014,
      29.557356833705256,
      22.882759427482085,
      25.006510397240206,
      21.488052500349806,
      21.423347613422827
    ],
    [
      NaN,
      NaN,
      NaN,
      NaN,
      NaN,
      NaN,
      NaN,
      NaN,
      NaN,
      NaN,
      NaN,
      NaN,
      NaN,
      NaN,
      NaN,
      27.057251566997206,
      19.933545251074587,
      24.77218585241106,
      22.532891247704164,
      27.119467922957007
    ],
    [
      NaN,
      NaN,
      NaN,
      NaN,
      NaN,
      NaN,
      NaN,
      NaN,
      NaN,
      NaN,
      NaN,
      NaN,
      NaN,
      NaN,
      NaN,
      NaN,
      32.4086090663834,
      29.449277915709892,
      30.774399948414345,
      26.175576074503624
    ],
    [
      NaN,
      NaN,
      NaN,
      NaN,
      NaN,
      NaN,
      NaN,
      NaN,
      NaN,
      NaN,
      NaN,
      NaN,
      NaN,
      NaN,
      NaN,
      NaN,
      NaN,
      19.09400892550027,
      32.39125842160254,
      23.992103319466647
    ],
    [
      NaN,
      NaN,
      NaN,
      NaN,
      NaN,
      NaN,
      NaN,
      NaN,
      NaN,
      NaN,
      NaN,
      NaN,
      NaN,
      NaN,
      NaN,
      NaN,
      NaN,
      NaN,
      30.320655615239453,
      32.99639082846194
    ],
    [
      NaN,
      NaN,
      NaN,
      NaN,
      NaN,
      NaN,
