{
  "x_min_range": [
    0.0,
    0.010526315789473684,
    0.021052631578947368,
    0.031578947368421054,
    0.042105263157894736,
    0.05263157894736842,
    0.06315789473684211,
    0.07368421052631578,
    0.08421052631578947,
    0.09473684210526316,
    0.10526315789473684,
    0.11578947368421053,
    0.12631578947368421,
    0.1368421052631579,
    0.14736842105263157,
    0.15789473684210525,
    0.16842105263157894,
    0.17894736842105263,
    0.18947368421052632,
    0.2
  ],
  "x_max_range": [
    0.0,
    0.010526315789473684,
    0.021052631578947368,
    0.031578947368421054,
    0.042105263157894736,
    0.05263157894736842,
    0.06315789473684211,
    0.07368421052631578,
    0.08421052631578947,
    0.09473684210526316,
    0.10526315789473684,
    0.11578947368421053,
    0.12631578947368421,
    0.1368421052631579,
    0.14736842105263157,
    0.15789473684210525,
    0.16842105263157894,
    0.17894736842105263,
    0.18947368421052632,
    0.2
  ],
  "loss_values": [
    [
      NaN,
      212.25572003025644,
      195.1375975967308,
      163.50923184661104,
      155.75709423842483,
      162.8180798709425,
      157.20050967073013,
      603.0462818350962,
      145.57316078653713,
      121.1401713770397,
      441.5392421963781,
      129.8469992093843,
      157.8946856292069,
      102.80848733677267,
      104.53858856812963,
      59.65561770530159,
      65.62420413236026,
      34.6022175426122,
      23.37279412351289,
      18.899553314816195
    ],
    [
      NaN,
      NaN,
      193.8126589901212,
      165.35767128741026,
      158.73794171297786,
      161.6231187019276,
      154.97212145206282,
      143.47977176451403,
      179.3341946742986,
      154.50542384151763,
      112.3664790878161,
      145.09958481477247,
      127.99874414272931,
      95.0466468952914,
      104.14528173327616,
      92.45573859389853,
      62.36277279529001,
      58.396865490328494,
      18.388061837886205,
      28.273116295152533
    ],
    [
      NaN,
      NaN,
      NaN,
      168.16552747886178,
      151.11036115665092,
      162.79079726111956,
      169.20468210636383,
      164.84360950146208,
      130.49148358653542,
      133.07708643137977,
      162.18310145910488,
      128.43016528547423,
      111.76338593821895,
      98.13550017961296,
      107.19074180165003,
      94.61074203096685,
      58.16207744832646,
      59.23713944064205,
      21.392593317361726,
      16.927276398946525
    ],
    [
      NaN,
      NaN,
      NaN,
      NaN,
      154.08614035978445,
      176.40791802021948,
      143.63810200313347,
      147.33736702015943,
      147.96912720260462,
      155.15825217191133,
      122.44118935322675,
      106.04447603508945,
      129.9933232818965,
      130.40775626097118,
      125.48167593898309,
      86.00724796786896,
      81.0376768957324,
      49.31105143536664,
      30.56774334392056,
      31.068150314320057
    ],
    [
      NaN,
      NaN,
      NaN,
      NaN,
      NaN,
      409.97797518043654,
      254.07528507810463,
      417.46060861583544,
      155.06623028202605,
      129.2207051855453,
      126.64193332580119,
      121.2027537066981,
      118.56106744963733,
      105.20132717638516,
      86.50621113218908,
      77.62397411052348,
      72.6838292702725,
      70.08910826136052,
      22.381331761230307,
      25.480939483092293
    ],
    [
      NaN,
      NaN,
      NaN,
      NaN,
      NaN,
      NaN,
      173.03913763436702,
      160.83920021088375,
      144.87533278510205,
      129.3608296625363,
      122.79678098003428,
      141.6810394671336,
      124.11644757841589,
      99.89822890095304,
      89.11626471073123,
      89.864436800009,
      60.639506471087465,
      49.25660040402745,
      41.451663317725895,
      34.944564063697136
    ],
    [
      NaN,
      NaN,
      NaN,
      NaN,
      NaN,
      NaN,
      NaN,
      132.3148173884121,
      167.0903900575093,
      152.15633276200862,
      161.14027570770904,
      116.22691200931263,
      115.89983848372091,
      104.31796933571374,
      71.14399686616636,
      54.97217253307065,
      54.557162270922845,
      77.92102608199087,
      23.565091727103106,
      28.461901519907098
    ],
    [
      NaN,
      NaN,
      NaN,
      NaN,
      NaN,
      NaN,
      NaN,
      NaN,
      649.7518452260101,
      91.45643263303398,
      130.89289043648617,
      105.08972759493508,
      123.07330315876713,
      118.89560175147062,
      85.06295228684493,
      62.10314745426719,
      70.75943562367964,
      25.47974303319677,
      24.541382203195454,
      27.24613611000538
    ],
    [
      NaN,
      NaN,
      NaN,
      NaN,
      NaN,
      NaN,
      NaN,
      NaN,
      NaN,
      95.58693831122642,
      402.624538781028,
      135.04475512631424,
      118.91035088329795,
      94.88999986116352,
      78.69586293591918,
      65.76297319256649,
      58.64374669529442,
      42.60197041782599,
      33.83675410233268,
      41.02575907607662
    ],
    [
      NaN,
      NaN,
      NaN,
      NaN,
      NaN,
      NaN,
      NaN,
      NaN,
      NaN,
      NaN,
      116.11392686386134,
      119.84900633008829,
      101.32820249223315,
      101.713031789628,
      68.46399360554076,
      63.12544329048412,
      80.65315501417378,
      62.316293907166596,
      33.289940533324476,
      27.680413299700263
    ],
    [
      NaN,
      NaN,
      NaN,
      NaN,
      NaN,
      NaN,
      NaN,
      NaN,
      NaN,
      NaN,
      NaN,
      101.93862590965713,
      121.30575366428562,
      104.63051022272074,
      88.50045908002868,
      72.13419685715024,
      86.05577682413939,
      34.107909281966556,
      27.736482133121672,
      30.07697983596966
    ],
    [
      NaN,
      NaN,
      NaN,
      NaN,
      NaN,
      NaN,
      NaN,
      NaN,
      NaN,
      NaN,
      NaN,
      NaN,
      112.43161830443087,
      108.41490131414628,
      111.80880596329925,
      85.75960534855366,
      67.58215913942433,
      90.25040124965764,
      32.08518515541352,
      28.000091196774576
    ],
    [
      NaN,
      NaN,
      NaN,
      NaN,
      NaN,
      NaN,
      NaN,
      NaN,
      NaN,
      NaN,
      NaN,
      NaN,
      NaN,
      107.39707731650262,
      94.48328032903282,
      93.25739757213569,
      64.6689348315688,
      44.17292337665557,
      34.99278474907911,
      31.8433848206622
    ],
    [
      NaN,
      NaN,
      NaN,
      NaN,
      NaN,
      NaN,
      NaN,
      NaN,
      NaN,
      NaN,
      NaN,
      NaN,
      NaN,
      NaN,
      97.77530171776104,
      60.58923807353833,
      43.13292826634987,
      56.9362576030754,
      48.67228375512131,
      43.93857127382817
    ],
    [
      NaN,
      NaN,
      NaN,
      NaN,
      NaN,
      NaN,
      NaN,
      NaN,
      NaN,
      NaN,
      NaN,
      NaN,
      NaN,
      NaN,
      NaN,
      85.47784476607839,
      59.16476474863449,
      269.14936866872415,
      47.17979303569119,
      35.68470043002651
    ],
    [
      NaN,
      NaN,
      NaN,
      NaN,
      NaN,
      NaN,
      NaN,
      NaN,
      NaN,
      NaN,
      NaN,
      NaN,
      NaN,
      NaN,
      NaN,
      NaN,
      61.86018462010475,
      45.15027986877648,
      62.07735242529368,
      55.167561649854505
    ],
    [
      NaN,
      NaN,
      NaN,
      NaN,
      NaN,
      NaN,
      NaN,
      NaN,
      NaN,
      NaN,
      NaN,
      NaN,
      NaN,
      NaN,
      NaN,
      NaN,
      NaN,
      45.15532583746781,
      72.36641999084156,
      61.58178328272468
    ],
    [
      NaN,
      NaN,
      NaN,
      NaN,
      NaN,
      NaN,
      NaN,
      NaN,
      NaN,
      NaN,
      NaN,
      NaN,
      NaN,
      NaN,
      NaN,
      NaN,
      NaN,
      NaN,
      69.54218410278631,
      72.42153446765282
    ],
    [
      NaN,
      NaN,
      NaN,
      NaN,
      NaN,
      NaN,
      NaN,
