{
  "x_min_range": [
    0.0,
    0.022222222222222223,
    0.044444444444444446,
    0.06666666666666667,
    0.08888888888888889,
    0.11111111111111112,
    0.13333333333333333,
    0.15555555555555556,
    0.17777777777777778,
    0.2
  ],
  "x_max_range": [
    0.0,
    0.022222222222222223,
    0.044444444444444446,
    0.06666666666666667,
    0.08888888888888889,
    0.11111111111111112,
    0.13333333333333333,
    0.15555555555555556,
    0.17777777777777778,
    0.2
  ],
  "loss_values": [
    [
      NaN,
      161107.8353949193,
      168317.29560014943,
      105417.13450632982,
      142922.17919617987,
      198028.28399108263,
      244477.43771256515,
      239414.6095997129,
      189270.88301331503,
      143092.11946911042
    ],
    [
      NaN,
      NaN,
      208600.87236295175,
      220179.81949158447,
      153061.4938073313,
      132013.26610994618,
      263839.8778734399,
      165895.09602903132,
      141832.51558331665,
      125057.34367396834
    ],
    [
      NaN,
      NaN,
      NaN,
      145270.6586304184,
      159941.21521627912,
      225488.7691241713,
      94933.35129627002,
      125378.16960742118,
      302920.1387488577,
      394500.45960568433
    ],
    [
      NaN,
      NaN,
      NaN,
      NaN,
      213353.81900798553,
      209593.10603721393,
      230456.0830839274,
      138477.58056011147,
      390137.23659886816,
      147657.18508943342
    ],
    [
      NaN,
      NaN,
      NaN,
      NaN,
      NaN,
      129542.24840399885,
      150696.64816696543,
      277117.33624372474,
      231992.2995691339,
      126281.0109690493
    ],
    [
      NaN,
      NaN,
      NaN,
      NaN,
      NaN,
      NaN,
      158266.10937800005,
      255248.07127336063,
      240404.435092274,
      2548020.2361467816
    ],
    [
      NaN,
      NaN,
      NaN,
      NaN,
      NaN,
      NaN,
      NaN,
      170000.23811071113,
      230977.7564339653,
      140957.3546204256
    ],
    [
      NaN,
      NaN,
      NaN,
      NaN,
      NaN,
      NaN,
      NaN,
      NaN,
      211578.97956603972,
      318495.66141196154
    ],
    [
      NaN,
      NaN,
      NaN,
      NaN,
      NaN,
      NaN,
      NaN,
      NaN,
      NaN,
      202124.4794977105
    ],
    [
      NaN,
      NaN,
      NaN,
      NaN,
      NaN,
      NaN,
      NaN,
      NaN,
      NaN,
      NaN
    ]
  ],
  "success_rates": [
    [
      0.0,
      1.0,
      1.0,
      1.0,
      1.0,
      1.0,
      0.0,
      1.0,
      1.0,
      0.0
    ],
    [
      0.0,
      0.0,
      1.0,
      1.0,
      0.0,
      1.0,
      1.0,
      1.0,
      1.0,
      0.0
    ],
    [
      0.0,
      0.0,
      0.0,
      1.0,
      0.0,
      1.0,
      1.0,
      0.0,
      0.0,
      1.0
    ],
    [
      0.0,
      0.0,
      0.0,
      0.0,
      1.0,
      1.0,
      1.0,
      1.0,
      1.0,
      1.0
    ],
    [
      0.0,
      0.0,
      0.0,
      0.0,
      0.0,
      1.0,
      0.0,
      1.0,
      0.0,
      0.0
    ],
    [
      0.0,
      0.0,
      0.0,
      0.0,
      0.0,
      0.0,
      1.0,
      0.0,
      1.0,
      1.0
    ],
    [
      0.0,
      0.0,
      0.0,
      0.0,
      0.0,
      0.0,
      0.0,
      1.0,
      0.0,
      1.0
    ],
    [
      0.0,
      0.0,
      0.0,
      0.0,
      0.0,
      0.0,
      0.0,
      0.0,
      1.0,
      1.0
    ],
    [
      0.0,
      0.0,
      0.0,
      0.0,
      0.0,
      0.0,
      0.0,
      0.0,
      0.0,
      1.0
    ],
    [
      0.0,
      0.0,
      0.0,
      0.0,
      0.0,
      0.0,
      0.0,
      0.0,
      0.0,
      0.0
    ]
  ]
}